monstats_id,display_name,name_str,base_id,mon_type,ai,enabled,threat,superunique_refs
act2child,an evil force,dummy,act2child,human,Towner,1,,
act2female,an evil force,Dummy,act2female,human,Towner,1,,
act2guard1,an evil force,Dummy,act2guard1,human,Towner,1,,
act2guard2,Kaelan,Kaelan,act2guard2,human,JarJar,1,11,
act2guard3,an evil force,Dummy,act2guard3,human,Idle,1,11,
act2guard4,an evil force,Dummy,act2guard4,human,Idle,1,11,
act2guard5,an evil force,Dummy,act2guard5,human,Idle,1,11,
act2hire,Desert Mercenary,DesertMerc,act2hire,human,Hireable,1,11,
act2male,an evil force,dummy,act2male,human,Towner,1,,
act2vendor1,an evil force,dummy,act2vendor1,human,Vendor,1,,
act2vendor2,an evil force,dummy,act2vendor2,human,Vendor,1,,
act3female,an evil force,Dummy,act3female,human,Towner,1,,
act3hire,Iron Wolf,Iron Wolf,act3hire,human,Hireable,1,11,
act3male,an evil force,Dummy,act3male,human,Towner,1,,
act5barb1,Combatant,Act 5 Combatant,act5barb1,human,NpcBarb,1,11,
act5barb2,Combatant,Act 5 Combatant,act5barb2,human,NpcBarb,1,11,
act5barb3,Guard,Act 5 Townguard,act5barb3,human,Npc,1,11,
act5barb4,Guard,Act 5 Townguard,act5barb3,human,Npc,1,11,
act5hire1,Barbarian,Barbarian,act5hire1,human,Hireable,1,11,
act5hire2,Barbarian,Barbarian,act5hire1,human,Hireable,1,11,
act5pow,Barbarian Captive,POW,act5pow,human,Wussie,1,1,
akara,Akara,Akara,akara,human,Npc,1,,
alkor,Alkor,alkor,alkor,human,Npc,1,,
ancientbarb1,Talic,Ancient Barbarian 1,ancientbarb1,human,Ancient,1,10,Ancient Barbarian 1
ancientbarb2,Madawc,Ancient Barbarian 2,ancientbarb1,human,Ancient,1,10,Ancient Barbarian 2
ancientbarb3,Korlic,Ancient Barbarian 3,ancientbarb1,human,Ancient,1,10,Ancient Barbarian 3
ancientstatue1,Talic the Defender,Ancient Statue 1,ancientstatue1,,AncientStatue,1,,
ancientstatue2,Madawc the Guardian,Ancient Statue 2,ancientstatue1,,AncientStatue,1,,
ancientstatue3,Korlic the Protector,Ancient Statue 3,ancientstatue1,,AncientStatue,1,,
andariel,Andariel,Andariel,andariel,demon,Andariel,1,14,
arach1,Arach,Arach,arach1,arach,Arach,1,10,
arach2,Sand Fisher,SandFisher,arach1,arach,Arach,1,10,
arach3,Poison Spinner,PoisonSpinner,arach1,arach,Arach,1,10,
arach4,Flame Spider,FlameSpider,arach1,arach,Arach,1,10,Web Mage the Burning
arach5,Spider Magus,SpiderMagus,arach1,arach,Arach,1,10,
arach6,Arach,Arach,arach1,arach,Arach,1,10,
arach7,Arach,Arach,arach1,arach,Arach,1,10,
asheara,Asheara,asheara,asheara,human,Npc,1,,
atma,Atma,Atma,atma,human,Npc,1,,
baalclone,Baal,Baal Crab Clone,baalclone,demon,BaalCrabClone,1,14,
baalcrab,Baal,Baal Crab,baalcrab,demon,BaalCrab,1,14,
baalcrabstairs,Baal,Baal Crab to Stairs,baalcrabstairs,demon,BaalToStairs,1,,
baalhighpriest,Council Member,Council Member,baalhighpriest,councilmember,HighPriest,1,11,Baal Subject 3
baalminion1,Minion of Destruction,Baals Minion,baalminion1,demon,BaalMinion,1,10,Baal Subject 5
baalminion2,Minion of Destruction,Baals Minion,baalminion1,demon,BaalMinion,1,10,
baalminion3,Minion of Destruction,Baals Minion,baalminion1,demon,BaalMinion,1,10,
baaltaunt,Baal,Baal Taunt,baaltaunt,demon,BaalTaunt,1,,
baaltentacle1,Festering Appendages,Baal Tentacle,baaltentacle1,demon,BaalTentacle,1,10,
baaltentacle2,Festering Appendages,Baal Tentacle,baaltentacle1,demon,BaalTentacle,1,10,
baaltentacle3,Festering Appendages,Baal Tentacle,baaltentacle1,demon,BaalTentacle,1,10,
baaltentacle4,Festering Appendages,Baal Tentacle,baaltentacle1,demon,BaalTentacle,1,10,
baaltentacle5,Festering Appendages,Baal Tentacle,baaltentacle1,demon,BaalTentacle,1,10,
baalthrone,Baal,Baal Throne,baalthrone,demon,BaalThrone,1,,
baboon1,Dune Beast,DuneBeast,baboon1,baboon,Baboon,1,10,
baboon2,Rock Dweller,RockDweller,baboon1,baboon,Baboon,1,10,
baboon3,Jungle Hunter,JungleHunter,baboon1,baboon,Baboon,1,10,
baboon4,Doom Ape,DoomApe,baboon1,baboon,Baboon,1,10,
baboon5,Temple Guard,TempleGuard,baboon1,baboon,Baboon,1,10,
baboon6,Night Marauder,NightMarauder,baboon6,baboon,Baboon,1,10,
baboon7,Temple Guard,TempleGuard,baboon1,baboon,Baboon,1,10,
baboon8,Temple Guard,TempleGuard,baboon1,baboon,Baboon,1,10,
barricadedoor1,Barricaded Door,Barricade Door,barricadedoor1,,Idle,1,6,
barricadedoor2,Barricaded Door,Barricade Door,barricadedoor1,,Idle,1,6,
barricadetower,Barricaded Tower,Barricade Tower,barricadetower,construct,SiegeTower,1,6,
barricadewall1,Barricade,Barricade Wall Right,barricadewall1,,Idle,1,2,
barricadewall2,Barricade,Barricade Wall Left,barricadewall1,,Idle,1,2,
bat,an evil force,dummy,bat,,Idle,1,,
batdemon1,Desert Wing,DesertWing,batdemon1,batdemon,BatDemon,1,10,
batdemon2,Fiend,Fiend,batdemon1,batdemon,BatDemon,1,10,
batdemon3,Gloombat,Gloombat,batdemon1,batdemon,BatDemon,1,10,Icehawk Riftwing
batdemon4,Blood Diver,BloodDiver,batdemon1,batdemon,BatDemon,1,10,
batdemon5,Dark Familiar,DarkFamiliar,batdemon1,batdemon,BatDemon,1,10,
batdemon6,Gloombat,Gloombat,batdemon1,batdemon,BatDemon,1,10,
batdemon7,Fiend,Fiend,batdemon1,batdemon,BatDemon,1,10,
bear,Bear,Bear,bear,,NecroPet,1,14,
bighead1,Afflicted,Afflicted,bighead1,bighead,Bighead,1,10,
bighead10,Damned,Damned,bighead1,bighead,Bighead,1,10,
bighead2,Tainted,Tainted,bighead1,bighead,Bighead,1,10,Pitspawn Fouldog
bighead3,Misshapen,Misshapen,bighead1,bighead,Bighead,1,10,
bighead4,Disfigured,Disfigured,bighead1,bighead,Bighead,1,10,
bighead5,Damned,Damned,bighead1,bighead,Bighead,1,10,
bighead6,Afflicted,Afflicted,bighead1,bighead,Bighead,1,10,
bighead7,Tainted,Tainted,bighead1,bighead,Bighead,1,10,
bighead8,Misshapen,Misshapen,bighead1,bighead,Bighead,1,10,
bighead9,Disfigured,Disfigured,bighead1,bighead,Bighead,1,10,
bird1,an evil force,dummy,bird1,,Idle,1,,
bird2,an evil force,dummy,bird2,,Idle,1,,
bladecreeper,Blade Sentinel,Blade Creeper,bladecreeper,construct,BladeCreeper,1,,
bloodgolem,Blood Golem,BloodGolem,bloodgolem,golem,NecroPet,1,11,
bloodlord1,Moon Lord,Blood Lord1,bloodlord1,bloodlord,BloodLord,1,10,
bloodlord2,Night Lord,Blood Lord2,bloodlord1,bloodlord,BloodLord,1,10,
bloodlord3,Blood Lord,Blood Lord3,bloodlord1,bloodlord,BloodLord,1,10,Axe Dweller
bloodlord4,Hell Lord,Blood Lord4,bloodlord1,bloodlord,BloodLord,1,10,
bloodlord5,Death Lord,Blood Lord5,bloodlord1,bloodlord,BloodLord,1,10,
bloodlord6,Moon Lord,Blood Lord1,bloodlord1,bloodlord,BloodLord,1,10,
bloodlord7,Hell Lord,Blood Lord4,bloodlord1,bloodlord,BloodLord,1,10,
bloodmage1,bloodmage1,,bloodmage1,,Idle,,,
bloodmage2,bloodmage2,,bloodmage1,,Idle,,,
bloodmage3,bloodmage3,,bloodmage1,,Idle,,,
bloodmage4,bloodmage4,,bloodmage1,,Idle,,,
bloodmage5,bloodmage5,,bloodmage1,,Idle,,,
bloodraven,Blood Raven,Bloodraven,bloodraven,corruptrogue,BloodRaven,1,13,
blunderbore1,Blunderbore,Blunderbore,blunderbore1,blunderbore,PinHead,1,10,
blunderbore2,Gorebelly,Gorbelly,blunderbore1,blunderbore,PinHead,1,10,
blunderbore3,Mauler,Mauler,blunderbore1,blunderbore,PinHead,1,10,
blunderbore4,Urdar,Urdar,blunderbore1,blunderbore,PinHead,1,10,
blunderbore5,Blunderbore,Blunderbore,blunderbore1,blunderbore,PinHead,1,10,
blunderbore6,Mauler,Mauler,blunderbore1,blunderbore,PinHead,1,10,
bonefetish1,Undead Rat Man,Undead RatMan,bonefetish1,undeadfetish,Fetish,1,10,
bonefetish2,Undead Fetish,Undead Fetish,bonefetish1,undeadfetish,Fetish,1,10,
bonefetish3,Undead Flayer,Undead Flayer,bonefetish1,undeadfetish,Fetish,1,10,
bonefetish4,Undead Soul Killer,Undead SoulKiller,bonefetish1,undeadfetish,Fetish,1,10,
bonefetish5,Undead Stygian Doll,Undead StygianDoll,bonefetish1,undeadfetish,Fetish,1,10,
bonefetish6,Undead Stygian Doll,Undead StygianDoll,bonefetish1,undeadfetish,Fetish,1,10,
bonefetish7,Undead Soul Killer,Undead SoulKiller,bonefetish1,undeadfetish,Fetish,1,10,
boneprison1,Bone Prison,skillname88,boneprison1,construct,Idle,1,1,
boneprison2,Bone Prison,skillname88,boneprison2,construct,Idle,1,1,
boneprison3,Bone Prison,skillname88,boneprison3,construct,Idle,1,1,
boneprison4,Bone Prison,skillname88,boneprison4,construct,Idle,1,1,
bonewall,an evil force,Dummy,bonewall,construct,BoneWall,1,1,
brute1,Gargantuan Beast,GargantuanBeast,brute2,brute,Brute,1,10,
brute2,Brute,Brute,brute2,brute,Brute,1,10,Treehead WoodFist
brute3,Yeti,Yeti,brute2,brute,Brute,1,10,
brute4,Crusher,Crusher,brute2,brute,Brute,1,10,
brute5,Wailing Beast,WailingBeast,brute2,brute,Brute,1,10,
bug,an evil force,Dummy,bug,,Idle,1,,
bunny,Bunny,Bunny,bunny,,Idle,1,,
cain1,Deckard Cain,DeckardCain,cain1,human,NpcOutOfTown,1,,
cain2,Deckard Cain,DeckardCain,cain2,human,Npc,1,,
cain3,Deckard Cain,DeckardCain,cain3,human,Npc,1,,
cain4,Deckard Cain,DeckardCain,cain4,human,Npc,1,,
cain5,Deckard Cain,DeckardCain,cain5,human,Npc,1,,
cain6,Deckard Cain,DeckardCain,cain6,human,Npc,1,,
camel,an evil force,dummy,camel,,Idle,1,,
cantor1,Sexton,Sexton,cantor1,zakarum,ZakarumPriest,1,10,
cantor2,Cantor,Cantor,cantor1,zakarum,ZakarumPriest,1,10,
cantor3,Hierophant,Heirophant,cantor1,zakarum,ZakarumPriest,1,10,
cantor4,Hierophant,Heirophant,cantor1,zakarum,ZakarumPriest,1,10,
cantor5,Hierophant,Heirophant,cantor1,zakarum,ZakarumPriest,1,10,
cantor6,Hierophant,Heirophant,cantor1,zakarum,ZakarumPriest,1,10,
catapult1,Catapult,CatapultS,catapult1,,Catapult,1,7,
catapult2,Catapult,CatapultE,catapult1,,Catapult,1,7,
catapult3,Catapult,CatapultSiege,catapult1,,Catapult,1,7,
catapult4,Catapult,CatapultW,catapult1,,Catapult,1,7,
catapultspotter1,Catapult,Catapult Spotter S,catapultspotter1,,CatapultSpotter,1,,
catapultspotter2,Catapult,Catapult Spotter E,catapultspotter1,,CatapultSpotter,1,,
catapultspotter3,Catapult,Catapult Spotter Siege,catapultspotter1,,CatapultSpotter,1,,
catapultspotter4,Catapult,Catapult Spotter W,catapultspotter1,,CatapultSpotter,1,,
chaoshorde1,chaoshorde1,,chaoshorde1,,Idle,,,
chaoshorde2,chaoshorde2,,chaoshorde1,,Idle,,,
chaoshorde3,chaoshorde3,,chaoshorde1,,Idle,,,
chaoshorde4,chaoshorde4,,chaoshorde1,,Idle,,,
chargeboltsentry,Charged Bolt Sentry,Charged Bolt Sentry,chargeboltsentry,construct,AssassinSentry,1,,
charsi,Charsi,Charsi,charsi,human,Npc,1,,
chicken,an evil force,dummy,chicken,,Idle,1,,
clawviper1,Tomb Viper,TombViper,clawviper1,clawviper,ClawViper,1,10,
clawviper10,Serpent Magus,SerpentMagus,clawviper1,clawviper,ClawViperEx,1,10,
clawviper2,Claw Viper,ClawViper,clawviper1,clawviper,ClawViper,1,10,
clawviper3,Salamander,Salamander,clawviper1,clawviper,ClawViper,1,10,Fangskin
clawviper4,Pit Viper,PitViper,clawviper1,clawviper,ClawViper,1,10,
clawviper5,Serpent Magus,SerpentMagus,clawviper1,clawviper,ClawViper,1,10,
clawviper6,Claw Viper,ClawViper,clawviper1,clawviper,ClawViperEx,1,10,
clawviper7,Pit Viper,PitViper,clawviper1,clawviper,ClawViperEx,1,10,
clawviper8,Salamander,Salamander,clawviper1,clawviper,ClawViperEx,1,10,
clawviper9,Tomb Viper,TombViper,clawviper1,clawviper,ClawViperEx,1,10,
claygolem,Clay Golem,ClayGolem,claygolem,golem,NecroPet,1,11,
colbarbfrenzy,Protector Spirit,ProtectorSpirit,act5barb2,human,ColBarbFrenzy,1,10,
colbarbthrow,Guardian Spirit,GuardianSpirit,act5barb1,human,ColBarbThrow,1,10,
colbarbwhirl,Defender Spirit,DefenderSpirit,act5barb1,human,ColBarbWhirl,1,10,
colossal1,Talic,Ancient Barbarian 1,colossal1,human,ColossalWhirlwind,1,10,
colossal2,Madawc,Ancient Barbarian 2,colossal1,human,ColossalThrow,1,10,
colossal3,Korlic,Ancient Barbarian 3,colossal1,human,ColossalLeap,1,10,
compellingorb,Compelling Orb,compellingorb,compellingorb,construct,Idle,1,,
corruptrogue1,Dark Hunter,DarkHunter,corruptrogue1,corruptrogue,CorruptRogue,1,10,
corruptrogue2,Vile Hunter,VileHunter,corruptrogue1,corruptrogue,CorruptRogue,1,10,
corruptrogue3,Dark Stalker,DarkStalker,corruptrogue1,corruptrogue,CorruptRogue,1,10,The Countess
corruptrogue4,Black Rogue,BlackRogue,corruptrogue1,corruptrogue,CorruptRogue,1,10,
corruptrogue5,Flesh Hunter,FleshHunter,corruptrogue1,corruptrogue,CorruptRogue,1,10,Sarina the Battlemaid
corruptrogue6,Flesh Hunter,FleshHunter,corruptrogue1,corruptrogue,CorruptRogue,1,10,
councilmember1,Council Member,Council Member,councilmember1,councilmember,HighPriest,1,11,Ismail Vilehand|Toorc Icefist
councilmember2,Council Member,Council Member,councilmember1,councilmember,HighPriest,1,11,Geleb Flamefinger|Wyand Voidfinger
councilmember3,Council Member,Council Member,councilmember1,councilmember,HighPriest,1,11,Bremm Sparkfist|Maffer Dragonhand
cow,an evil force,dummy,cow,,Idle,1,,
cowking,Hell Bovine,Hell Bovine,hellbovine,bovine,Skeleton,1,10,The Cow King
cr_archer1,Dark Ranger,DarkRanger,cr_archer1,corruptrogue,CorruptArcher,1,10,Coldcrow
cr_archer2,Vile Archer,VileArcher,cr_archer1,corruptrogue,CorruptArcher,1,10,
cr_archer3,Dark Archer,DarkArcher,cr_archer1,corruptrogue,CorruptArcher,1,10,
cr_archer4,Black Archer,BlackArcher,cr_archer1,corruptrogue,CorruptArcher,1,10,
cr_archer5,Flesh Archer,FleshArcher,cr_archer1,corruptrogue,CorruptArcher,1,10,
cr_archer6,Vile Archer,VileArcher,cr_archer1,corruptrogue,CorruptArcher,1,10,
cr_archer7,Dark Archer,DarkArcher,cr_archer1,corruptrogue,CorruptArcher,1,10,
cr_archer8,Dark Archer,DarkArcher,cr_archer1,corruptrogue,CorruptArcher,1,10,
cr_lancer1,Dark Spearwoman,DarkSpearwoman,cr_lancer1,corruptrogue,CorruptLancer,1,10,
cr_lancer2,Vile Lancer,VileLancer,cr_lancer1,corruptrogue,CorruptLancer,1,10,
cr_lancer3,Dark Lancer,DarkLancer,cr_lancer1,corruptrogue,CorruptLancer,1,10,
cr_lancer4,Black Lancer,BlackLancer,cr_lancer1,corruptrogue,CorruptLancer,1,10,
cr_lancer5,Flesh Lancer,FleshLancer,cr_lancer1,corruptrogue,CorruptLancer,1,10,
cr_lancer6,Vile Lancer,VileLancer,cr_lancer1,corruptrogue,CorruptLancer,1,10,
cr_lancer7,Dark Lancer,DarkLancer,cr_lancer1,corruptrogue,CorruptLancer,1,10,
cr_lancer8,Black Lancer,BlackLancer,cr_lancer1,corruptrogue,CorruptLancer,1,10,
cr_lancer9,Black Lancer,BlackLancer,cr_lancer1,corruptrogue,CorruptLancer,1,10,
crownest1,Foul Crow Nest,FoulCrowNest,crownest1,,FoulCrowNest,1,10,
crownest2,Blood Hawk Nest,BloodHawkNest,crownest1,,FoulCrowNest,1,10,
crownest3,Black Raptor Nest,BlackVultureNest,crownest1,,FoulCrowNest,1,10,
crownest4,Cloud Stalker Nest,CloudStalkerNest,crownest1,,FoulCrowNest,1,10,
cycleoflife,Cycle of Life,Druid Cycle of Life,cycleoflife,,CycleOfLife,1,,
darkelder,Plague Bearer,PlagueBearer,darkelder,zombie,Zombie,1,10,Dark Elder
darkguard1,darkguard1,,darkguard1,,Idle,,,
darkguard2,darkguard2,,darkguard1,,Idle,,,
darkguard3,darkguard3,,darkguard1,,Idle,,,
darkguard4,darkguard4,,darkguard1,,Idle,,,
darkguard5,darkguard5,,darkguard1,,Idle,,,
darkwanderer,Dark Wanderer,youngdiablo,darkwanderer,,DarkWanderer,1,,
deathmauler1,Death Mauler,Death Mauler1,deathmauler1,deathmauler,DeathMauler,1,10,Eyeback Unleashed
deathmauler2,Death Brawler,Death Mauler2,deathmauler1,deathmauler,DeathMauler,1,10,
deathmauler3,Death Slasher,Death Mauler3,deathmauler1,deathmauler,DeathMauler,1,10,
deathmauler4,Death Berserker,Death Mauler4,deathmauler1,deathmauler,DeathMauler,1,10,
deathmauler5,Death Brigadier,Death Mauler5,deathmauler1,deathmauler,DeathMauler,1,10,Blaze Ripper
deathmauler6,Death Mauler,Death Mauler1,deathmauler1,deathmauler,DeathMauler,1,10,
deathsentry,Death Sentry,Death Sentry,deathsentry,construct,DeathSentry,1,,
demonhole,an evil force,Dummy,evilhole1,,EvilHole,1,9,
demonspawner,Evil Demon Hut,Evil hut,minionspawner1,,MinionSpawner,1,11,
diablo,Diablo,Diablo,diablo,demon,Diablo,1,14,
diabloclone,Diablo,Diablo,diablo,demon,Diablo,1,14,
dkfig1,Doom Knight,DoomKnight,doomknight1,doomknight,DoomKnight,1,10,
dkfig2,Doom Knight,DoomKnight,doomknight1,doomknight,DoomKnight,1,10,
dkmag1,Oblivion Knight,OblivionKnight,doomknight3,doomknight,OblivionKnight,1,10,
dkmag2,Oblivion Knight,OblivionKnight,doomknight3,doomknight,OblivionKnight,1,10,
dkmag3,Oblivion Knight,OblivionKnight,doomknight3,doomknight,OblivionKnight,1,10,
doomknight1,Doom Knight,DoomKnight,doomknight1,doomknight,DoomKnight,1,10,
doomknight2,Abyss Knight,AbyssKnight,doomknight2,doomknight,AbyssKnight,1,10,
doomknight3,Oblivion Knight,OblivionKnight,doomknight3,doomknight,OblivionKnight,1,10,Lord De Seis
dopplezon,Decoy,Dopplezon,dopplezon,,Idle,1,14,
drehya,Anya,Drehya,drehya,human,Npc,1,,
drehyaiced,Anya,Drehya,drehyaiced,human,NpcOutOfTown,1,,
drognan,Drognan,Drognan,drognan,human,Npc,1,,
druidbear,Grizzly,Druid Bear,druidbear,,DruidBear,1,11,
druidhawk,Raven,Druid Hawk,druidhawk,,Raven,1,,
duriel,Duriel,Duriel,duriel,demon,Duriel,1,,
eagle,Eagle,Eagleexp,eagle,,Idle,1,,
elzix,Elzix,Elzix,elzix,human,Npc,1,,
evilhole1,an evil force,Dummy,evilhole1,,EvilHole,1,9,
evilhole2,an evil force,Dummy,evilhole1,,EvilHole,,9,
evilhole3,an evil force,Dummy,evilhole1,,EvilHole,,9,
evilhole4,an evil force,Dummy,evilhole1,,EvilHole,,9,
evilhole5,an evil force,Dummy,evilhole1,,EvilHole,,9,
evilhut,Evil Demon Hut,Evil hut,evilhut,,GenericSpawner,1,10,
fallen1,Fallen,Fallen,fallen1,fallen,Fallen,1,10,
fallen2,Carver,Carver,fallen1,fallen,Fallen,1,10,Rakanishu
fallen3,Devilkin,Devilkin,fallen1,fallen,Fallen,1,10,
fallen4,Dark One,DarkOne,fallen1,fallen,Fallen,1,10,
fallen5,Warped One,WarpedFallen,fallen1,fallen,Fallen,1,10,
fallen6,Carver,Carver,fallen1,fallen,Fallen,1,10,
fallen7,Devilkin,Devilkin,fallen1,fallen,Fallen,1,10,
fallen8,Dark One,DarkOne,fallen1,fallen,Fallen,1,10,
fallenshaman1,Fallen Shaman,FallenShaman,fallenshaman1,fallen,FallenShaman,1,12,Bishibosh
fallenshaman2,Carver Shaman,CarverShaman,fallenshaman1,fallen,FallenShaman,1,12,
fallenshaman3,Devilkin Shaman,DevilkinShaman,fallenshaman1,fallen,FallenShaman,1,12,
fallenshaman4,Dark Shaman,DarkShaman,fallenshaman1,fallen,FallenShaman,1,12,
fallenshaman5,Warped Shaman,WarpedShaman,fallenshaman1,fallen,FallenShaman,1,12,Baal Subject 1
fallenshaman6,Carver Shaman,CarverShaman,fallenshaman1,fallen,FallenShaman,1,10,
fallenshaman7,Devilkin Shaman,DevilkinShaman,fallenshaman1,fallen,FallenShaman,1,10,
fallenshaman8,Dark Shaman,DarkShaman,fallenshaman1,fallen,FallenShaman,1,10,
familiar,an evil force,Dummy,familiar,,Idle,,,
fara,Fara,Fara,fara,human,Npc,1,,
fenris,Dire Wolf,Druid Fenris,spiritwolf,,DruidWolf,1,10,
fetish1,Rat Man,RatMan,fetish1,fetish,Fetish,1,10,
fetish11,Rat Man,RatMan,fetish11,fetish,Fetish,1,10,
fetish2,Fetish,Fetish,fetish1,fetish,Fetish,1,10,
fetish3,Flayer,Flayer,fetish1,fetish,Fetish,1,10,
fetish4,Soul Killer,SoulKiller,fetish1,fetish,Fetish,1,10,
fetish5,Stygian Doll,StygianDoll,fetish1,fetish,Fetish,1,10,
fetish6,Flayer,Flayer,fetish1,fetish,Fetish,1,10,
fetish7,Stygian Doll,StygianDoll,fetish1,fetish,Fetish,1,10,
fetish8,Soul Killer,SoulKiller,fetish1,fetish,Fetish,1,10,
fetishblow1,Rat Man,RatMan,fetishblow1,fetish,FetishBlowgun,1,10,
fetishblow2,Fetish,Fetish,fetishblow1,fetish,FetishBlowgun,1,10,
fetishblow3,Flayer,Flayer,fetishblow1,fetish,FetishBlowgun,1,10,
fetishblow4,Soul Killer,SoulKiller,fetishblow1,fetish,FetishBlowgun,1,10,
fetishblow5,Stygian Doll,StygianDoll,fetishblow1,fetish,FetishBlowgun,1,10,
fetishblow6,Flayer,Flayer,fetishblow1,fetish,FetishBlowgun,1,10,
fetishblow7,Stygian Doll,StygianDoll,fetishblow1,fetish,FetishBlowgun,1,10,
fetishblow8,Soul Killer,SoulKiller,fetishblow1,fetish,FetishBlowgun,1,10,
fetishshaman1,RatMan Shaman,RatManShaman,fetishshaman1,fetish,FetishShaman,1,12,
fetishshaman2,Fetish Shaman,FetishShaman,fetishshaman1,fetish,FetishShaman,1,12,
fetishshaman3,Flayer Shaman,FlayerShaman,fetishshaman1,fetish,FetishShaman,1,12,
fetishshaman4,Soul Killer Shaman,SoulKillerShaman,fetishshaman1,fetish,FetishShaman,1,12,Witch Doctor Endugu
fetishshaman5,Stygian Doll Shaman,StygianDollShaman,fetishshaman1,fetish,FetishShaman,1,12,
fetishshaman6,Flayer Shaman,FlayerShaman,fetishshaman1,fetish,FetishShaman,1,10,
fetishshaman7,Stygian Doll Shaman,StygianDollShaman,fetishshaman1,fetish,FetishShaman,1,10,
fetishshaman8,Soul Killer Shaman,SoulKillerShaman,fetishshaman1,fetish,FetishShaman,1,10,
fingermage1,Doom Caster,Groper,fingermage1,fingermage,FingerMage,1,10,
fingermage2,Strangler,Strangler,fingermage1,fingermage,FingerMage,1,10,
fingermage3,Storm Caster,StormCaster,fingermage1,fingermage,FingerMage,1,10,Grand Vizier of Chaos
fingermage4,Strangler,Strangler,fingermage1,fingermage,FingerMage,1,10,
fingermage5,Storm Caster,StormCaster,fingermage1,fingermage,FingerMage,1,10,
firebeast,firebeast,,firebeast,,ElementalBeast,,,
firegolem,Fire Golem,FireGolem,firegolem,golem,NecroPet,1,11,
firetower,Fire Tower,FireTower,firetower,construct,DesertTurret,1,9,
fish,an evil force,Dummy,fish,,Idle,1,,
flyingscimitar,Flying Scimitar,FlyingScimitar,flyingscimitar,construct,FlyingScimitar,1,10,
foulcrow1,Foul Crow,FoulCrow,foulcrow1,foulcrow,BloodHawk,1,10,
foulcrow2,Blood Hawk,BloodHawk,foulcrow1,foulcrow,BloodHawk,1,10,
foulcrow3,Black Raptor,BlackRaptor,foulcrow1,foulcrow,BloodHawk,1,10,
foulcrow4,Cloud Stalker,CloudStalker,foulcrow1,foulcrow,BloodHawk,1,10,
foulcrow5,Foul Crow,FoulCrow,foulcrow1,foulcrow,BloodHawk,1,10,
foulcrow6,Blood Hawk,BloodHawk,foulcrow1,foulcrow,BloodHawk,1,10,
foulcrow7,Black Raptor,BlackRaptor,foulcrow1,foulcrow,BloodHawk,1,10,
foulcrow8,Cloud Stalker,CloudStalker,foulcrow1,foulcrow,BloodHawk,1,10,
frogdemon1,Swamp Dweller,Swamp Dweller,frogdemon1,frogdemon,FrogDemon,1,10,
frogdemon2,Bog Creature,Bog Creature,frogdemon1,frogdemon,FrogDemon,1,10,
frogdemon3,Slime Prince,Slime Prince,frogdemon1,frogdemon,FrogDemon,1,10,
frozenhorror1,Frozen Creeper,Frozen Horror1,frozenhorror1,frozenhorror,FrozenHorror,1,10,Snapchip Shatter
frozenhorror2,Frozen Terror,Frozen Horror2,frozenhorror1,frozenhorror,FrozenHorror,1,10,
frozenhorror3,Frozen Scourge,Frozen Horror3,frozenhorror1,frozenhorror,FrozenHorror,1,10,
frozenhorror4,Frozen Horror,Frozen Horror4,frozenhorror1,frozenhorror,FrozenHorror,1,10,
frozenhorror5,Frozen Scorch,Frozen Horror5,frozenhorror1,frozenhorror,FrozenHorror,1,10,
gargoyletrap,Gargoyle Trap,GargoyleTrap,gargoyletrap,construct,GargoyleTrap,1,9,
geglash,Geglash,Geglash,geglash,human,Npc,1,,
gheed,Gheed,Gheed,gheed,human,Npc,1,,
goatman1,Moon Clan,MoonClan,goatman1,goatman,Goatman,1,10,
goatman10,Death Clan,DeathClan,goatman1,goatman,Goatman,1,10,
goatman2,Night Clan,NightClan,goatman1,goatman,Goatman,1,10,
goatman3,Blood Clan,BloodClan,goatman1,goatman,Goatman,1,10,
goatman4,Hell Clan,HellClan,goatman1,goatman,Goatman,1,10,
goatman5,Death Clan,DeathClan,goatman1,goatman,Goatman,1,10,
goatman6,Moon Clan,MoonClan,goatman1,goatman,Goatman,1,10,
goatman7,Night Clan,NightClan,goatman1,goatman,Goatman,1,10,
goatman8,Hell Clan,HellClan,goatman1,goatman,Goatman,1,10,
goatman9,Blood Clan,BloodClan,goatman1,goatman,Goatman,1,10,
gorgon1,gorgon1,,gorgon1,,Idle,1,,
gorgon2,gorgon2,,gorgon1,,Idle,1,,
gorgon3,gorgon3,,gorgon1,,Idle,1,,
gorgon4,gorgon4,,gorgon1,,Idle,1,,
greiz,Greiz,Greiz,greiz,human,Npc,1,,
griswold,Griswold,Griswold,griswold,undead,Griswold,1,11,Griswold
halbu,Halbu,halbu,halbu,human,Npc,1,,
heartofwolverine,Heart of Wolverine,Heart of Wolverine,spiritofbarbs,,Totem,1,8,
hellbovine,Hell Bovine,Hell Bovine,hellbovine,bovine,Skeleton,1,10,
hellmeteor,an evil force,Dummy,hellmeteor,,HellMeteor,1,,
hephasto,Hephasto The Armorer,The Feature Creep,hephasto,demon,Smith,1,12,The Feature Creep
horse,an evil force,dummy,horse,,Idle,1,,
hratli,Hratli,hratli,hratli,human,Npc,1,,
hydra1,Hydra,Hydra,hydra1,,Hydra,1,,
hydra2,Hydra,Hydra,hydra2,,Hydra,1,,
hydra3,Hydra,Hydra,hydra3,,Hydra,1,,
iceglobe,iceglobe,,iceglobe,,ElementalBeast,,,
imp1,Demon Imp,Imp1,imp1,imp,Imp,1,11,
imp2,Demon Rascal,Imp2,imp1,imp,Imp,1,10,
imp3,Demon Gremlin,Imp3,imp1,imp,Imp,1,10,Dac Farren
imp4,Demon Trickster,Imp4,imp1,imp,Imp,1,10,
imp5,Demon Sprite,Imp5,imp1,imp,Imp,1,10,Magma Torquer
imp6,Demon Imp,Imp1,imp1,imp,Imp,1,10,
imp7,Demon Trickster,Imp4,imp1,imp,Imp,1,10,
imp8,Demon Trickster,Imp4,imp1,imp,Imp,1,10,
infernosentry,Inferno Sentry,Inferno Sentry,infernosentry,construct,AssassinSentry,1,,
injuredbarb1,Injured Barbarian 1,Injured Barbarian 1,injuredbarb1,human,Idle,1,,
injuredbarb2,Injured Barbarian 2,Injured Barbarian 2,injuredbarb2,human,Idle,1,,
injuredbarb3,Injured Barbarian 3,Injured Barbarian 3,injuredbarb3,human,Idle,1,,
invisopet,Pet,Invis Pet,invisopet,,InvisoPet,1,,
invisospawner,an evil force,Dummy,invisospawner,,InvisoSpawner,1,,
irongolem,Iron Golem,IronGolem,irongolem,golem,NecroPet,1,11,
izual,Izual,izual,izual,demon,Izual,1,14,
izualghost,Izual,Izual,izualghost,,NpcStationary,1,,
jamella,Jamella,Jamella,jamella,human,Npc,1,,
jerhyn,Jerhyn,Jerhyn,jerhyn,human,Npc,1,,
kashya,Kashya,Kashya,kashya,human,Npc,1,,
larva,Larva,larva,larva,,Idle,1,,
larzuk,Larzuk,Larzuk,larzuk,human,Npc,1,,
lightningbeast,lightningbeast,,lightningbeast,,ElementalBeast,,,
lightningsentry,Lightning Sentry,Lightning Sentry,lightningsentry,construct,AssassinSentry,1,,
lightningspire,Lightning Spire,LightningSpire,lightningspire,construct,ArcaneTower,1,9,
lysander,Lysander,Lysander,lysander,human,Npc,1,,
maggot,Maggot,Maggot,maggot,,Idle,1,,
maggotbaby1,Sand Maggot Young,SandMaggotYoung,maggotbaby1,sandmaggot,MaggotLarva,1,9,
maggotbaby2,Rock Worm Young,RockWormYoung,maggotbaby1,sandmaggot,MaggotLarva,1,9,
maggotbaby3,Devourer Young,DevourerYoung,maggotbaby1,sandmaggot,MaggotLarva,1,9,
maggotbaby4,Giant Lamprey Young,GiantLampreyYoung,maggotbaby1,sandmaggot,MaggotLarva,1,9,
maggotbaby5,Blood Maggot Young,WorldKillerYoung,maggotbaby1,sandmaggot,MaggotLarva,1,9,
maggotbaby6,Blood Maggot Young,WorldKillerYoung,maggotbaby1,sandmaggot,MaggotLarva,1,10,
maggotegg1,Sand Maggot Egg,SandMaggotEgg,maggotegg1,,MaggotEgg,1,8,
maggotegg2,Rock Worm Egg,RockWormEgg,maggotegg1,,MaggotEgg,1,8,
maggotegg3,Devourer Egg,DevourerEgg,maggotegg1,,MaggotEgg,1,8,
maggotegg4,Giant Lamprey Egg,GiantLampreyEgg,maggotegg1,,MaggotEgg,1,8,
maggotegg5,Blood Maggot Egg,WorldKillerEgg,maggotegg1,,MaggotEgg,1,8,
maggotegg6,Blood Maggot Egg,WorldKillerEgg,maggotegg1,,MaggotEgg,1,10,
maggotqueen1,Sand Maggot Queen,SandMaggotQueen,maggotqueen1,sandmaggot,SandMaggotQueen,1,10,Coldworm the Burrower
maggotqueen2,Rock Worm Queen,RockWormQueen,maggotqueen1,sandmaggot,SandMaggotQueen,1,10,
maggotqueen3,Devourer Queen,DevourerQueen,maggotqueen1,sandmaggot,SandMaggotQueen,1,10,
maggotqueen4,Giant Lamprey Queen,GiantLampreyQueen,maggotqueen1,sandmaggot,SandMaggotQueen,1,10,
maggotqueen5,Blood Maggot Queen,WorldKillerQueen,maggotqueen1,sandmaggot,SandMaggotQueen,1,10,
malachai,Hadriel,Malachai,malachai,human,Buffy,1,,
malah,Malah,Malah,malah,human,Npc,1,,
megademon1,Balrog,Balrog,megademon1,megademon,Megademon,1,10,
megademon2,Pit Lord,PitLord,megademon1,megademon,Megademon,1,10,
megademon3,Venom Lord,VenomLord,megademon1,megademon,Megademon,1,10,Infector of Souls|Winged Death
megademon4,Balrog,Balrog,megademon1,megademon,Megademon,1,10,
megademon5,Pit Lord,PitLord,megademon1,megademon,Megademon,1,10,
megademon6,Pit Lord,PitLord,megademon1,megademon,Megademon,1,10,
mephisto,Mephisto,Mephisto,mephisto,demon,Mephisto,1,14,
mephistospirit,an evil force,Dummy,mephistospirit,undead,Spirit,1,,
meshif1,Meshif,Meshif,meshif1,human,Npc,1,,
meshif2,Meshif,meshif,meshif2,human,Npc,1,,
minion1,Enslaved,Minionexp,minion1,minion,Minion,1,10,Megaflow Rectifier
minion10,Hell Spawn,HellSpawn,minion1,minion,Minion,1,10,
minion11,Greater Hell Spawn,GreaterHellSpawn,minion1,minion,Minion,1,10,
minion2,Slayer,Slayerexp,minion1,minion,Minion,1,10,
minion3,Ice Boar,IceBoar,minion1,minion,Minion,1,10,
minion4,Fire Boar,FireBoar,minion1,minion,Minion,1,10,
minion5,Hell Spawn,HellSpawn,minion1,minion,Minion,1,10,
minion6,Ice Spawn,IceSpawn,minion1,minion,Minion,1,10,
minion7,Greater Hell Spawn,GreaterHellSpawn,minion1,minion,Minion,1,10,
minion8,Greater Ice Spawn,GreaterIceSpawn,minion1,minion,Minion,1,10,
minion9,Slayer,Slayerexp,minion1,minion,Minion,1,10,
minionspawner1,Demon Portal,MinionSpawner,minionspawner1,,MinionSpawner,1,11,
minionspawner2,Demon Portal,MinionSlayerSpawner,minionspawner1,,MinionSpawner,1,11,
minionspawner3,Demon Portal,MinionIce/fireBoarSpawner,minionspawner1,,MinionSpawner,1,11,
minionspawner4,Demon Portal,MinionIce/fireBoarSpawner,minionspawner1,,MinionSpawner,1,11,
minionspawner5,Demon Portal,Minionice/hellSpawnSpawner,minionspawner1,,MinionSpawner,1,11,
minionspawner6,Demon Portal,MinionIce/fireBoarSpawner,minionspawner1,,MinionSpawner,1,11,
minionspawner7,Demon Portal,MinionIce/fireBoarSpawner,minionspawner1,,MinionSpawner,1,11,
minionspawner8,Demon Portal,Minionice/hellSpawnSpawner,minionspawner1,,MinionSpawner,1,11,
minispider,an evil force,Dummy,minispider,,Idle,1,,
mosquito1,Sucker,Sucker,mosquito1,mosquito,Mosquito,1,10,
mosquito2,Feeder,Feeder,mosquito1,mosquito,Mosquito,1,10,
mosquito3,Blood Hook,BloodHook,mosquito1,mosquito,Mosquito,1,10,
mosquito4,Blood Wing,BloodWing,mosquito1,mosquito,Mosquito,1,10,
mummy1,Dried Corpse,DriedCorpse,mummy1,mummy,Mummy,1,10,
mummy2,Decayed,Decayed,mummy1,mummy,Mummy,1,10,Leatherarm
mummy3,Embalmed,Embalmed,mummy1,mummy,Mummy,1,10,
mummy4,Preserved Dead,PreservedDead,mummy1,mummy,Mummy,1,10,
mummy5,Cadaver,Cadaver,mummy1,mummy,Mummy,1,10,
mummy6,Cadaver,Cadaver,mummy1,mummy,Mummy,1,10,
natalya,Natalya,Natalya,natalya,human,Npc,1,,
navi,Flavie,navi,navi,human,Navi,1,,
necromage,Skeletal Mage,skillan80,necromage,skeleton,NecroPet,1,10,
necroskeleton,Skeleton,skeleton,necroskeleton,skeleton,NecroPet,1,10,
nihlathak,Nihlathak,Nihlathak Town,nihlathak,human,Npc,1,,
nihlathakboss,Nihlathak,Nihlathak,nihlathakboss,human,Nihlathak,1,14,Nihlathak Boss
oaksage,Oak Sage,Oak Sage,spiritofbarbs,,Totem,1,8,
ormus,Ormus,ormus,ormus,human,Npc,1,,
overseer1,Overseer,OverSeer,overseer1,overseer,Overseer,1,10,Siege Boss
overseer2,Lasher,Lasher,overseer1,overseer,Overseer,1,10,
overseer3,Overlord,OverLord,overseer1,overseer,Overseer,1,10,Sharp Tooth Sayer
overseer4,Blood Boss,BloodBoss,overseer1,overseer,Overseer,1,10,
overseer5,Hell Whip,HellWhip,overseer1,overseer,Overseer,1,10,
overseer6,Hell Whip,HellWhip,overseer1,overseer,Overseer,1,10,
painworm1,Pain Worm,Pain Worm1,painworm1,vilekind,VileDog,1,10,
painworm2,Torment Worm,Pain Worm2,painworm1,vilekind,VileDog,1,10,
painworm3,Agony Worm,Pain Worm3,painworm1,vilekind,VileDog,1,10,
painworm4,Menace Worm,Pain Worm4,painworm1,vilekind,VileDog,1,10,
painworm5,Anguish Worm,Pain Worm5,painworm1,vilekind,VileDog,1,10,
pantherwoman1,Huntress,Huntress,pantherwoman1,pantherwoman,PantherWoman,1,10,Bloodwitch the Wild
pantherwoman2,Saber Cat,SaberCat,pantherwoman1,pantherwoman,PantherWoman,1,10,
pantherwoman3,Night Tiger,NightTiger,pantherwoman1,pantherwoman,PantherWoman,1,10,
pantherwoman4,Hell Cat,HellCat,pantherwoman1,pantherwoman,PantherWoman,1,10,
pantherwoman5,Huntress,Huntress,pantherwoman1,pantherwoman,PantherWoman,1,10,
pantherwoman6,Saber Cat,SaberCat,pantherwoman1,pantherwoman,PantherWoman,1,10,
parrot,an evil force,Dummy,parrot,,Idle,1,,
pig,an evil force,dummy,pig,,Idle,1,,
plaguepoppy,Plague Poppy,Druid Plague Poppy,plaguepoppy,,Vines,1,,
poisonorb,poisonorb,,poisonorb,,ElementalBeast,,,
prisondoor,Prison Door,Prison Door,prisondoor,,Idle,1,6,
putriddefiler1,Putrid Defiler,Putrid Defiler1,putriddefiler1,putriddefiler,PutridDefiler,1,10,
putriddefiler2,Wretched Defiler,Putrid Defiler2,putriddefiler1,putriddefiler,PutridDefiler,1,10,
putriddefiler3,Fetid Defiler,Putrid Defiler3,putriddefiler1,putriddefiler,PutridDefiler,1,10,
putriddefiler4,Rancid Defiler,Putrid Defiler4,putriddefiler1,putriddefiler,PutridDefiler,1,10,
putriddefiler5,Rank Defiler,Putrid Defiler5,putriddefiler1,putriddefiler,PutridDefiler,1,10,
qual-kehk,Qual-Kehk,Qual-Kehk,qual-kehk,human,Npc,1,,
quillbear1,Quill Bear,QuillBear,quillbear1,quillrat,QuillMother,1,,
quillbear2,Spike Giant,SpikeGiant,quillbear1,quillrat,QuillMother,1,,
quillbear3,Thorn Brute,ThornBrute,quillbear1,quillrat,QuillMother,1,,
quillbear4,Razor Beast,RazorBeast,quillbear1,quillrat,QuillMother,1,,
quillbear5,Barbed Giant,GiantUrchin,quillbear1,quillrat,QuillMother,1,,
quillrat1,Quill Rat,QuillRat,quillrat1,quillrat,QuillRat,1,10,
quillrat2,Spike Fiend,SpikeFiend,quillrat1,quillrat,QuillRat,1,10,
quillrat3,Thorn Beast,ThornBeast,quillrat1,quillrat,QuillRat,1,10,
quillrat4,Razor Spine,RazorSpine,quillrat1,quillrat,QuillRat,1,10,Flamespike the Crawler
quillrat5,Bush Barb,JungleUrchin,quillrat1,quillrat,QuillRat,1,10,
quillrat6,Quill Rat,QuillRat,quillrat1,quillrat,QuillRat,1,10,
quillrat7,Spike Fiend,SpikeFiend,quillrat1,quillrat,QuillRat,1,10,
quillrat8,Razor Spine,RazorSpine,quillrat1,quillrat,QuillRat,1,10,
radament,Radament,Radament,radament,demon,GreaterMummy,1,14,Radament
rat,an evil force,dummy,rat,,Idle,1,,
reanimatedhorde1,Rot Walker,RotWalker,reanimatedhorde1,zombie,ReanimatedHorde,1,10,
reanimatedhorde2,Reanimated Horde,ReanimatedHorde,reanimatedhorde1,zombie,ReanimatedHorde,1,10,Bonesaw Breaker
reanimatedhorde3,Prowling Dead,ProwlingDead,reanimatedhorde1,zombie,ReanimatedHorde,1,10,
reanimatedhorde4,Unholy Corpse,UnholyCorpse,reanimatedhorde1,zombie,ReanimatedHorde,1,10,
reanimatedhorde5,Defiled Warrior,DefiledWarrior,reanimatedhorde1,zombie,ReanimatedHorde,1,10,Pindleskin
reanimatedhorde6,Unholy Corpse,UnholyCorpse,reanimatedhorde1,zombie,ReanimatedHorde,1,10,
regurgitator1,Corpulent,Corpulent,regurgitator1,regurgitator,Regurgitator,1,10,
regurgitator2,Corpse Spitter,CorpseSpitter,regurgitator1,regurgitator,Regurgitator,1,10,Riftwraith the Cannibal
regurgitator3,Maw Fiend,MawFiend,regurgitator1,regurgitator,Regurgitator,1,10,
regurgitator4,Maw Fiend,MawFiend,regurgitator1,regurgitator,Regurgitator,1,10,
rogue1,an evil force,Dummy,rogue1,human,Idle,1,10,
rogue2,Rogue Scout,RogueScout,rogue2,human,GoodNpcRanged,1,10,
rogue3,an evil force,Dummy,rogue3,human,TownRogue,1,10,
roguehire,Rogue,Rogue,roguehire,human,Hireable,1,10,
sandleaper1,Sand Leaper,SandLeaper,sandleaper1,sandleaper,SandLeaper,1,10,
sandleaper2,Cave Leaper,CaveLeaper,sandleaper1,sandleaper,SandLeaper,1,10,
sandleaper3,Tomb Creeper,TombCreeper,sandleaper1,sandleaper,SandLeaper,1,10,
sandleaper4,Tree Lurker,TreeLurker,sandleaper1,sandleaper,SandLeaper,1,10,
sandleaper5,Cliff Lurker,RazorPitDemon,sandleaper1,sandleaper,SandLeaper,1,10,
sandleaper6,Cave Leaper,CaveLeaper,sandleaper1,sandleaper,SandLeaper,1,10,
sandleaper7,Tomb Creeper,TombCreeper,sandleaper1,sandleaper,SandLeaper,1,10,
sandmaggot1,Sand Maggot,SandMaggot,sandmaggot1,sandmaggot,SandMaggot,1,10,
sandmaggot2,Rock Worm,RockWorm,sandmaggot1,sandmaggot,SandMaggot,1,10,
sandmaggot3,Devourer,Devourer,sandmaggot1,sandmaggot,SandMaggot,1,10,
sandmaggot4,Giant Lamprey,GiantLamprey,sandmaggot1,sandmaggot,SandMaggot,1,10,
sandmaggot5,Blood Maggot,WorldKiller,sandmaggot1,sandmaggot,SandMaggot,1,10,
sandmaggot6,Blood Maggot,WorldKiller,sandmaggot1,sandmaggot,SandMaggot,1,10,
sandmaggot7,Blood Maggot,WorldKiller,sandmaggot1,sandmaggot,SandMaggot,1,10,
sandraider1,Sand Raider,SandRaider,sandraider1,sandraider,SandRaider,1,10,
sandraider10,Assailant,Assailant,sandraider1,sandraider,SandRaider,1,10,
sandraider2,Marauder,Marauder,sandraider1,sandraider,SandRaider,1,10,
sandraider3,Invader,Invader,sandraider1,sandraider,SandRaider,1,10,Fire Eye
sandraider4,Infidel,Infidel,sandraider1,sandraider,SandRaider,1,10,
sandraider5,Assailant,Assailant,sandraider1,sandraider,SandRaider,1,10,
sandraider6,Marauder,Marauder,sandraider1,sandraider,SandRaider,1,10,
sandraider7,Infidel,Infidel,sandraider1,sandraider,SandRaider,1,10,
sandraider8,Sand Raider,SandRaider,sandraider1,sandraider,SandRaider,1,10,
sandraider9,Invader,Invader,sandraider1,sandraider,SandRaider,1,10,
sarcophagus,Mummy Sarcophagus,MummyGenerator,sarcophagus,construct,Sarcophagus,1,10,
scarab1,Dung Soldier,DungSoldier,scarab1,scarab,Scarab,1,10,
scarab2,Death Beetle,SandWarrior,scarab1,scarab,Scarab,1,10,Beetleburst
scarab3,Scarab,Scarab,scarab1,scarab,Scarab,1,10,
scarab4,Steel Scarab,SteelWeevil,scarab1,scarab,Scarab,1,10,
scarab5,Bone Scarab,AlbinoRoach,scarab1,scarab,Scarab,1,10,
scarab6,Scarab,Scarab,scarab1,scarab,Scarab,1,10,
scarab7,Steel Scarab,SteelWeevil,scarab1,scarab,Scarab,1,10,
scarab8,Steel Scarab,SteelWeevil,scarab1,scarab,Scarab,1,10,
scorpion,an evil force,Dummy,scorpion,,Idle,1,,
seagull,an evil force,dummy,seagull,,Idle,1,,
seventombs,an evil force,Dummy,seventombs,,7TIllusion,1,,
shadowmaster,Shadow Master,Shadow Master,shadowmaster,,ShadowMaster,1,11,
shadowwarrior,Shadow Warrior,Shadow Warrior,shadowwarrior,,ShadowWarrior,1,11,
siegebeast1,Siege Beast,Siege Beast,siegebeast1,siegebeast,SiegeBeast,1,10,
siegebeast2,Crush Beast,CrushBiest,siegebeast1,siegebeast,SiegeBeast,1,10,
siegebeast3,Blood Bringer,BloodBringer,siegebeast1,siegebeast,SiegeBeast,1,10,Threash Socket
siegebeast4,Gore Bearer,GoreBearer,siegebeast1,siegebeast,SiegeBeast,1,10,
siegebeast5,Demon Steed,DeamonSteed,siegebeast1,siegebeast,SiegeBeast,1,10,
sk_archer1,Skeleton Archer,SkeletonArcher,sk_archer1,skeleton,SkeletonBow,1,10,
sk_archer10,Horror Archer,HorrorArcher,sk_archer1,skeleton,SkeletonBow,1,10,
sk_archer11,Horror Archer,HorrorArcher,sk_archer1,skeleton,SkeletonBow,1,10,
sk_archer2,Returned Archer,ReturnedArcher,sk_archer1,skeleton,SkeletonBow,1,10,
sk_archer3,Bone Archer,BoneArcher,sk_archer1,skeleton,SkeletonBow,1,10,
sk_archer4,Burning Dead Archer,BurningDeadArcher,sk_archer1,skeleton,SkeletonBow,1,10,
sk_archer5,Horror Archer,HorrorArcher,sk_archer1,skeleton,SkeletonBow,1,10,
sk_archer6,Burning Dead Archer,BurningDeadArcher,sk_archer1,skeleton,SkeletonBow,1,10,
sk_archer7,Bone Archer,BoneArcher,sk_archer1,skeleton,SkeletonBow,1,10,
sk_archer8,Burning Dead Archer,BurningDeadArcher,sk_archer1,skeleton,SkeletonBow,1,10,
sk_archer9,Returned Archer,ReturnedArcher,sk_archer1,skeleton,SkeletonBow,1,10,
skeleton1,Skeleton,Skeleton,skeleton1,skeleton,Skeleton,1,10,Bonebreak
skeleton2,Returned,Returned,skeleton1,skeleton,Skeleton,1,10,
skeleton3,Bone Warrior,BoneWarrior,skeleton1,skeleton,Skeleton,1,10,
skeleton4,Burning Dead,BurningDead,skeleton1,skeleton,Skeleton,1,10,
skeleton5,Horror,Horror,skeleton1,skeleton,Skeleton,1,10,
skeleton6,Bone Warrior,BoneWarrior,skeleton1,skeleton,Skeleton,1,10,
skeleton7,Returned,Returned,skeleton1,skeleton,Skeleton,1,10,
skeleton8,Returned,Returned,skeleton1,skeleton,Skeleton,1,10,
skmage_cold1,Returned Mage,ReturnedMage,skmage_cold1,skeleton,SkeletonMage,1,10,
skmage_cold2,Bone Mage,BoneMage,skmage_cold1,skeleton,SkeletonMage,1,10,
skmage_cold3,Death Mage,BaalColdMage,skmage_cold1,skeleton,SkeletonMage,1,10,
skmage_cold4,Horror Mage,HorrorMage,skmage_cold1,skeleton,SkeletonMage,1,10,
skmage_cold5,Bone Mage,BoneMage,skmage_cold1,skeleton,SkeletonMage,1,10,
skmage_cold6,Bone Mage,BoneMage,skmage_cold1,skeleton,SkeletonMage,1,10,
skmage_fire1,Returned Mage,ReturnedMage,skmage_fire1,skeleton,SkeletonMage,1,10,
skmage_fire2,Bone Mage,BoneMage,skmage_fire1,skeleton,SkeletonMage,1,10,
skmage_fire3,Burning Dead Mage,BurningDeadMage,skmage_fire1,skeleton,SkeletonMage,1,10,
skmage_fire4,Horror Mage,HorrorMage,skmage_fire1,skeleton,SkeletonMage,1,10,
skmage_fire5,Returned Mage,ReturnedMage,skmage_fire1,skeleton,SkeletonMage,1,10,
skmage_fire6,Burning Dead Mage,BurningDeadMage,skmage_fire1,skeleton,SkeletonMage,1,10,
skmage_fire7,Burning Dead Mage,BurningDeadMage,skmage_fire1,skeleton,SkeletonMage,1,10,
skmage_ltng1,Returned Mage,ReturnedMage,skmage_ltng1,skeleton,SkeletonMage,1,10,
skmage_ltng2,Bone Mage,BoneMage,skmage_ltng1,skeleton,SkeletonMage,1,10,
skmage_ltng3,Burning Dead Mage,BurningDeadMage,skmage_ltng1,skeleton,SkeletonMage,1,10,
skmage_ltng4,Horror Mage,HorrorMage,skmage_ltng1,skeleton,SkeletonMage,1,10,
skmage_ltng5,Returned Mage,ReturnedMage,skmage_ltng1,skeleton,SkeletonMage,1,10,
skmage_ltng6,Horror Mage,HorrorMage,skmage_ltng1,skeleton,SkeletonMage,1,10,
skmage_ltng7,Horror Mage,HorrorMage,skmage_ltng1,skeleton,SkeletonMage,1,10,
skmage_pois1,Returned Mage,ReturnedMage,skmage_pois1,skeleton,SkeletonMage,1,10,
skmage_pois2,Bone Mage,BoneMage,skmage_pois1,skeleton,SkeletonMage,1,10,
skmage_pois3,Burning Dead Mage,BurningDeadMage,skmage_pois1,skeleton,SkeletonMage,1,10,Boneash
skmage_pois4,Horror Mage,HorrorMage,skmage_pois1,skeleton,SkeletonMage,1,10,
skmage_pois5,Horror Mage,HorrorMage,skmage_pois1,skeleton,SkeletonMage,1,10,
skmage_pois6,Horror Mage,HorrorMage,skmage_pois1,skeleton,SkeletonMage,1,10,
skmage_pois7,Horror Mage,HorrorMage,skmage_pois1,skeleton,SkeletonMage,1,10,
slinger1,Slinger,Slinger,slinger1,pantherwoman,PantherJavelin,1,10,
slinger2,Spear Cat,SpearCat,slinger1,pantherwoman,PantherJavelin,1,10,
slinger3,Night Slinger,NightSlinger,slinger1,pantherwoman,PantherJavelin,1,10,
slinger4,Hell Slinger,HellSlinger,slinger1,pantherwoman,PantherJavelin,1,10,
slinger5,Spear Cat,SpearCat,slinger5,pantherwoman,PantherJavelin,1,10,
slinger6,Night Slinger,NightSlinger,slinger5,pantherwoman,PantherJavelin,1,10,
slinger7,Slinger,Slinger,slinger1,pantherwoman,PantherJavelin,1,10,
slinger8,Slinger,Slinger,slinger1,pantherwoman,PantherJavelin,1,10,
slinger9,Slinger,Slinger,slinger1,pantherwoman,PantherJavelin,1,10,
smith,The Smith,The Smith,smith,demon,Smith,1,11,The Smith
snake,an evil force,Dummy,snake,,Idle,1,,
snowyeti1,Snow Drifter,SnowYeti1,snowyeti1,snowyeti,Brute,1,10,
snowyeti2,Abominable,SnowYeti2,snowyeti1,snowyeti,Brute,1,10,
snowyeti3,Chilled Froth,SnowYeti3,snowyeti1,snowyeti,Brute,1,10,
snowyeti4,Frozen Abyss,SnowYeti4,snowyeti1,snowyeti,Brute,1,10,Frozenstein
spiritmummy,an evil force,Dummy,spiritmummy,mummy,Idle,,10,
spiritofbarbs,Spirit of Barbs,Spirit of Barbs,spiritofbarbs,,Totem,1,8,
spiritwolf,Spirit Wolf,Druid Spirit Wolf,spiritwolf,,DruidWolf,1,10,
succubus1,Succubus,Succubusexp,succubus1,succubus,Succubus,1,10,
succubus2,Vile Temptress,VileTemptress,succubus1,succubus,Succubus,1,10,
succubus3,Stygian Harlot,StygianHarlot,succubus1,succubus,Succubus,1,10,
succubus4,Hell Temptress,Hell Temptress,succubus1,succubus,Succubus,1,10,Anodized Elite
succubus5,Blood Temptress,Blood Temptress,succubus1,succubus,Succubus,1,10,
succubus6,Succubus,Succubusexp,succubus1,succubus,Succubus,1,10,
succubus7,Hell Temptress,Hell Temptress,succubus1,succubus,Succubus,1,10,
succubus8,Hell Temptress,Hell Temptress,succubus1,succubus,Succubus,1,10,
succubuswitch1,Siren,Dominus,succubuswitch1,succubus,SuccubusWitch,1,10,
succubuswitch2,Vile Witch,VileWitch,succubuswitch1,succubus,SuccubusWitch,1,10,Vinvear Molech
succubuswitch3,Stygian Fury,StygianFury,succubuswitch1,succubus,SuccubusWitch,1,10,
succubuswitch4,Blood Witch,Blood Witch,succubuswitch1,succubus,SuccubusWitch,1,10,
succubuswitch5,Hell Witch,Hell Witch,succubuswitch1,succubus,SuccubusWitch,1,10,
succubuswitch6,Siren,Dominus,succubuswitch1,succubus,SuccubusWitch,1,10,
succubuswitch7,Hell Witch,Hell Witch,succubuswitch1,succubus,SuccubusWitch,1,10,
succubuswitch8,Vile Witch,VileWitch,succubuswitch1,succubus,SuccubusWitch,1,10,
succubuswitch9,Vile Witch,VileWitch,succubuswitch1,succubus,SuccubusWitch,1,10,
suckernest1,Sucker Nest,SuckerNest,suckernest1,,MosquitoNest,,,
suckernest2,Feeder Nest,FeederNest,suckernest1,,MosquitoNest,,,
suckernest3,Blood Hook Nest,BloodHookNest,suckernest1,,MosquitoNest,,,
suckernest4,Blood Wing Nest,BloodWingNest,suckernest1,,MosquitoNest,,,
suicideminion1,Fanatic Enslaved,FanaticMinion,suicideminion1,minion,SuicideMinion,1,11,
suicideminion10,Frenzied Hell Spawn,FrenziedHellSpawn,suicideminion1,minion,SuicideMinion,1,11,
suicideminion11,Insane Hell Spawn,InsaneHellSpawn,suicideminion1,minion,SuicideMinion,1,11,
suicideminion2,Berserker Slayer,BerserkSlayer,suicideminion1,minion,SuicideMinion,1,11,
suicideminion3,Consumed Ice Boar,ConsumedIceBoar,suicideminion1,minion,SuicideMinion,1,11,
suicideminion4,Consumed Fire Boar,ConsumedFireBoar,suicideminion1,minion,SuicideMinion,1,11,
suicideminion5,Frenzied Hell Spawn,FrenziedHellSpawn,suicideminion1,minion,SuicideMinion,1,11,
suicideminion6,Frenzied Ice Spawn,FrenziedIceSpawn,suicideminion1,minion,SuicideMinion,1,11,
suicideminion7,Insane Hell Spawn,InsaneHellSpawn,suicideminion1,minion,SuicideMinion,1,11,
suicideminion8,Insane Ice Spawn,InsaneIceSpawn,suicideminion1,minion,SuicideMinion,1,11,
suicideminion9,Berserker Slayer,BerserkSlayer,suicideminion1,minion,SuicideMinion,1,11,
summoner,The Summoner,Summoner,summoner,human,Summoner,1,14,The Summoner
swarm1,Itchies,Itchies,swarm1,swarm,Swarm,1,10,
swarm2,Black Locusts,BlackLocusts,swarm1,swarm,Swarm,1,10,
swarm3,Plague Bugs,PlagueBugs,swarm1,swarm,Swarm,1,10,
swarm4,Hell Swarm,HellSwarm,swarm1,swarm,Swarm,1,10,
swarm5,Hell Swarm,HellSwarm,swarm1,swarm,Swarm,1,10,
tentacle1,Water Watcher,WaterWatcherLimb,tentacle1,tentacle,Tentacle,1,8,
tentacle2,River Stalker,RiverStalkerLimb,tentacle1,tentacle,Tentacle,1,8,
tentacle3,Stygian Watcher,StygianWatcherLimb,tentacle1,tentacle,Tentacle,1,8,
tentaclehead1,Water Watcher,WaterWatcherHead,tentaclehead1,tentacle,TentacleHead,1,8,
tentaclehead2,River Stalker,RiverStalkerHead,tentaclehead1,tentacle,TentacleHead,1,8,
tentaclehead3,Stygian Watcher,StygianWatcherHead,tentaclehead1,tentacle,TentacleHead,1,8,
thornhulk1,Thorned Hulk,ThornedHulk,thornhulk1,thornhulk,ThornHulk,1,10,
thornhulk2,Bramble Hulk,BrambleHulk,thornhulk1,thornhulk,ThornHulk,1,10,
thornhulk3,Thrasher,Thrasher,thornhulk1,thornhulk,ThornHulk,1,10,Stormtree
thornhulk4,Spikefist,Spikefist,thornhulk1,thornhulk,ThornHulk,1,10,
thornhulk5,Thorned Hulk,ThornedHulk,thornhulk1,thornhulk,ThornHulk,1,10,
trap-firebolt,a Trap,a trap,trap-firebolt,,Trap-Missile,1,,
trap-horzmissile,a Trap,a trap,trap-horzmissile,,Trap-RightArrow,1,,
trap-lightning,a Trap,a trap,trap-lightning,,Trap-Missile,1,,
trap-melee,a Trap,a trap,trap-melee,construct,Trap-Melee,1,,
trap-nova,a Trap,a trap,trap-nova,,Trap-Nova,1,,
trap-poisoncloud,a Trap,a trap,trap-poisoncloud,,Trap-Poison,1,,
trap-vertmissile,a Trap,a trap,trap-vertmissile,,Trap-LeftArrow,1,,
trappedsoul1,Trapped Soul,TrappedSoul,trappedsoul1,,TrappedSoul,1,4,
trappedsoul2,Trapped Soul,TrappedSoul,trappedsoul2,,TrappedSoul,1,4,
turret1,a Turret,Turret,turret1,construct,DesertTurret,1,9,
turret2,a Turret,Turret,turret1,construct,DesertTurret,1,9,
turret3,a Turret,Turret,turret1,construct,DesertTurret,1,9,
tyrael1,Tyrael,tyrael,tyrael1,,NpcStationary,1,,
tyrael2,Tyrael,tyrael,tyrael2,,NpcStationary,1,,
tyrael3,Tyrael,tyrael,tyrael3,,NpcStationary,1,,
uberandariel,Lilith,Lilith,andariel,demon,Andariel,1,14,
uberbaal,Baal,Baal Crab,baalcrab,demon,UberBaal,1,14,
uberdiablo,Diablo,Diablo,diablo,demon,UberDiablo,1,14,
uberduriel,Duriel,Duriel,duriel,demon,Duriel,1,,
uberizual,Izual,izual,izual,demon,UberIzual,1,14,
ubermephisto,Mephisto,Mephisto,mephisto,demon,UberMephisto,1,14,
unraveler1,Hollow One,HollowOne,unraveler1,unraveler,GreaterMummy,1,12,
unraveler2,Guardian,Guardian,unraveler1,unraveler,GreaterMummy,1,12,
unraveler3,Unraveler,Unraveler,unraveler1,unraveler,GreaterMummy,1,12,Ancient Kaa the Soulless
unraveler4,Horadrim Ancient,Horadrim Ancient,unraveler1,unraveler,GreaterMummy,1,12,
unraveler5,Unraveler,Baal Subject Mummy,unraveler1,unraveler,GreaterMummy,1,12,Baal Subject 2
unraveler6,Guardian,Guardian,unraveler1,unraveler,GreaterMummy,1,10,
unraveler7,Unraveler,Unraveler,unraveler1,unraveler,GreaterMummy,1,10,
unraveler8,Horadrim Ancient,Horadrim Ancient,unraveler1,unraveler,GreaterMummy,1,10,
unraveler9,Horadrim Ancient,Horadrim Ancient,unraveler1,unraveler,GreaterMummy,1,10,
valkyrie,Valkyrie,Valkyrie,valkyrie,,NecroPet,1,11,
vampire1,Ghoul Lord,GhoulLord,vampire1,vampire,Vampire,1,11,
vampire2,Night Lord,NightLord,vampire1,vampire,Vampire,1,11,
vampire3,Dark Lord,DarkLord,vampire1,vampire,Vampire,1,11,
vampire4,Blood Lord,BloodLord,vampire1,vampire,Vampire,1,11,
vampire5,The Banished,Banished,vampire1,vampire,Vampire,1,11,
vampire6,Blood Lord,BloodLord,vampire1,vampire,Vampire,1,10,
vampire7,Ghoul Lord,GhoulLord,vampire1,vampire,Vampire,1,10,
vampire8,Dark Lord,DarkLord,vampire1,vampire,Vampire,1,10,
vampire9,Dark Lord,DarkLord,vampire1,vampire,Vampire,1,10,
venomlord,Venom Lord,VenomLord,venomlord,megademon,Megademon,1,10,Baal Subject 4
vilechild1,Flesh Beast,FleshBeast,vilechild1,vilekind,VileDog,1,9,
vilechild2,Stygian Dog,StygianDog,vilechild1,vilekind,VileDog,1,9,
vilechild3,Grotesque Wyrm,GrotesqueWyrm,vilechild1,vilekind,VileDog,1,9,
vilechild4,Grotesque Wyrm,GrotesqueWyrm,vilechild1,vilekind,VileDog,1,10,
vilechild5,Flesh Beast,FleshBeast,vilechild1,vilekind,VileDog,1,10,
vilemother1,Flesh Spawner,FleshSpawner,vilemother1,vilekind,VileMother,1,10,
vilemother2,Stygian Hag,StygianHag,vilemother1,vilekind,VileMother,1,10,Taintbreeder
vilemother3,Grotesque,Grotesque,vilemother1,vilekind,VileMother,1,10,
vilemother4,Grotesque,Grotesque,vilemother1,vilekind,VileMother,1,10,
vilemother5,Flesh Spawner,FleshSpawner,vilemother1,vilekind,VileMother,1,10,
vinecreature,Vine Creature,Vine Creature,vinecreature,,CycleOfLife,1,,
vulture1,Carrion Bird,CarrionBird,vulture1,vulture,Vulture,1,10,
vulture2,Undead Scavenger,UndeadScavenger,vulture1,vulture,Vulture,1,10,
vulture3,Hell Buzzard,HellBuzzard,vulture1,vulture,Vulture,1,10,
vulture4,Winged Nightmare,WingedNightmare,vulture1,vulture,Vulture,1,10,
vulture5,Carrion Bird,CarrionBird,vulture1,vulture,Vulture,1,10,
wakeofdestruction,Wake of Fire,Wake of Destruction,wakeofdestruction,construct,AssassinSentry,1,,
warbighead,Tainted,Tainted,warbighead,demon,GenericPet,1,10,
wargoatman,Goatman,WarGoatman,wargoatman,demon,GenericPet,1,10,
warputriddefiler,Defiler,WarDefiler,warputriddefiler,demon,GenericPet,1,10,
warriv1,Warriv,Warriv,warriv1,human,Npc,1,,
warriv2,Warriv,Warriv,warriv2,human,Npc,1,,
willowisp1,Gloam,Gloam,willowisp1,willowisp,WillOWisp,1,10,
willowisp2,Swamp Ghost,SwampGhost,willowisp1,willowisp,WillOWisp,1,10,
willowisp3,Burning Soul,BurningSoul,willowisp1,willowisp,WillOWisp,1,10,The Tormentor
willowisp4,Black Soul,BlackSoul,willowisp1,willowisp,WillOWisp,1,10,
willowisp5,Gloam,Gloam,willowisp1,willowisp,WillOWisp,1,10,
willowisp6,Black Soul,BlackSoul,willowisp1,willowisp,WillOWisp,1,10,
willowisp7,Burning Soul,BurningSoul,willowisp1,willowisp,WillOWisp,1,10,
willowisp8,Burning Soul,BurningSoul,willowisp1,willowisp,WillOWisp,1,10,
window1,Stained Glass Window,StrMonsterWindow,window1,,Idle,1,1,
window2,Stained Glass Window,StrMonsterWindow,window2,,Idle,1,1,
wolf,Wolf,Wolf,wolf,,NecroPet,1,14,
wolfrider1,Fallen Wolfrider,WolfRider1,wolfrider1,,Idle,,,
wolfrider2,Carver Wolfrider,WolfRider2,wolfrider1,,Idle,,,
wolfrider3,Devilkin Wolfrider,WolfRider3,wolfrider1,,Idle,,,
worldstoneeffect,Worldstone Effect,Worldstone Effect,worldstoneeffect,,Idle,1,,
wraith1,Ghost,Ghost,wraith1,wraith,Wraith,1,10,
wraith2,Wraith,Wraith,wraith1,wraith,Wraith,1,10,
wraith3,Specter,Specter,wraith1,wraith,Wraith,1,10,
wraith4,Apparition,Apparition,wraith1,wraith,Wraith,1,10,
wraith5,Dark Shape,DarkShape,wraith1,wraith,Wraith,1,10,
wraith6,Ghost,Ghost,wraith1,wraith,Wraith,1,10,
wraith7,Wraith,Wraith,wraith1,wraith,Wraith,1,10,
wraith8,Specter,Specter,wraith1,wraith,Wraith,1,10,
wraith9,Specter,Specter,wraith1,wraith,Wraith,1,10,
zealot1,Zakarumite,Zakarumite,zealot1,zakarum,ZakarumZealot,1,10,
zealot2,Faithful,Faithful,zealot1,zakarum,ZakarumZealot,1,10,
zealot3,Zealot,Zealot,zealot1,zakarum,ZakarumZealot,1,10,
zealot4,Zealot,Zealot,zealot1,zakarum,ZakarumZealot,1,10,
zealot5,Zealot,Zealot,zealot1,zakarum,ZakarumZealot,1,10,
zombie1,Zombie,Zombie,zombie1,zombie,Zombie,1,10,Corpsefire
zombie2,Hungry Dead,HungryDead,zombie1,zombie,Zombie,1,10,
zombie3,Ghoul,Ghoul,zombie1,zombie,Zombie,1,10,
zombie4,Drowned Carcass,DrownedCarcass,zombie1,zombie,Zombie,1,10,
zombie5,Plague Bearer,PlagueBearer,zombie1,zombie,Zombie,1,10,
